{
  "version": 1,
  "author": "Anonymous maker",
  "editor": "wokwi",
  "parts": [
    { "type": "wokwi-arduino-uno", "id": "uno", "top": 0.6, "left": -0.6, "attrs": {} },
    { "type": "wokwi-led", "id": "led1", "top": -70.8, "left": 42.2, "attrs": { "color": "red" } },
    {
      "type": "wokwi-resistor",
      "id": "r1",
      "top": -53.65,
      "left": 96,
      "attrs": { "value": "1000" }
    }
  ],
  "connections": [
    [ "led1:C", "uno:GND.1", "green", [ "v9.6", "h58", "v19.2" ] ],
    [ "led1:A", "r1:1", "green", [ "v0", "h28.8" ] ],
    [ "r1:2", "uno:4", "green", [ "v0", "h66" ] ]
  ],
  "dependencies": {}
}