{
  "version": 1,
  "author": "Anonymous maker",
  "editor": "wokwi",
  "parts": [
    { "type": "wokwi-breadboard-half", "id": "bb1", "top": -118.2, "left": -83.6, "attrs": {} },
    { "type": "wokwi-arduino-uno", "id": "uno", "top": 115.8, "left": -77.4, "attrs": {} },
    {
      "type": "wokwi-led",
      "id": "led3",
      "top": -42,
      "left": 51.8,
      "attrs": { "color": "magenta" }
    },
    { "type": "wokwi-led", "id": "led4", "top": -42, "left": 80.6, "attrs": { "color": "red" } },
    {
      "type": "wokwi-led",
      "id": "led5",
      "top": -42,
      "left": -5.8,
      "attrs": { "color": "limegreen" }
    },
    {
      "type": "wokwi-resistor",
      "id": "r1",
      "top": 33.6,
      "left": 47.45,
      "rotate": 90,
      "attrs": { "value": "1000" }
    },
    {
      "type": "wokwi-resistor",
      "id": "r2",
      "top": 33.6,
      "left": 76.25,
      "rotate": 90,
      "attrs": { "value": "1000" }
    },
    {
      "type": "wokwi-resistor",
      "id": "r3",
      "top": 33.6,
      "left": -10.15,
      "rotate": 90,
      "attrs": { "value": "1000" }
    }
  ],
  "connections": [
    [ "uno:5V", "bb1:bp.25", "red", [ "v47.9", "h205.4", "v-288" ] ],
    [ "uno:GND.2", "bb1:bn.25", "black", [ "v28.7", "h176.7", "v-259.2" ] ],
    [ "bb1:bp.1", "bb1:tp.1", "red", [ "v0" ] ],
    [ "bb1:bn.2", "bb1:tn.2", "black", [ "v0" ] ],
    [ "led4:C", "bb1:bn.14", "black", [ "v0" ] ],
    [ "led3:C", "bb1:bn.11", "black", [ "v0" ] ],
    [ "led5:C", "bb1:bn.6", "black", [ "v0" ] ],
    [ "bb1:13b.i", "bb1:13b.j", "green", [ "v0" ] ],
    [ "led5:A", "bb1:9b.f", "", [ "$bb" ] ],
    [ "led5:C", "bb1:8b.f", "", [ "$bb" ] ],
    [ "r3:1", "bb1:9b.g", "", [ "$bb" ] ],
    [ "r3:2", "bb1:bp.7", "", [ "$bb" ] ],
    [ "led4:A", "bb1:18b.f", "", [ "$bb" ] ],
    [ "led4:C", "bb1:17b.f", "", [ "$bb" ] ],
    [ "r2:1", "bb1:18b.g", "", [ "$bb" ] ],
    [ "r2:2", "bb1:bp.15", "", [ "$bb" ] ],
    [ "led3:A", "bb1:15b.f", "", [ "$bb" ] ],
    [ "led3:C", "bb1:14b.f", "", [ "$bb" ] ],
    [ "r1:1", "bb1:15b.g", "", [ "$bb" ] ],
    [ "r1:2", "bb1:bp.12", "", [ "$bb" ] ],
    [ "r1:2", "uno:11", "green", [ "h0", "v37.2", "h-9.6" ] ],
    [ "r2:2", "uno:9", "green", [ "h0", "v37.2", "h-19.2" ] ],
    [ "bb1:bn.5", "uno:GND.1", "black", [ "v27.5", "h49.6", "v28.8" ] ],
    [ "r3:2", "uno:12", "green", [ "h0" ] ]
  ],
  "dependencies": {}
}