{
  "version": 1,
  "author": "Macarena Carballo",
  "editor": "wokwi",
  "parts": [
    { "type": "wokwi-arduino-uno", "id": "uno", "top": 67.8, "left": 47.4, "attrs": {} },
    {
      "type": "wokwi-ntc-temperature-sensor",
      "id": "ntc1",
      "top": -26.2,
      "left": -39,
      "attrs": {}
    },
    { "type": "board-ds18b20", "id": "temp1", "top": -125.93, "left": 349.68, "attrs": {} }
  ],
  "connections": [
    [ "ntc1:OUT", "uno:A0", "green", [ "h230.4", "v259.1", "h-67.2" ] ],
    [ "ntc1:VCC", "uno:VIN", "red", [ "h240", "v288", "h-96" ] ],
    [ "ntc1:GND", "uno:GND.1", "black", [ "h0" ] ]
  ],
  "dependencies": {}
}